RAID: Shadow Legends Tier List (Ver. 1.5),,,,,,,,,,,,,,,,,,,,,,,
 by Zevra(R3KT - Channel DE1),,,,,,,,,,,,,,,,,last Update: 28 Aug 19,,,,,,
"depending on Teamcomps and Elements, A can be better than S, etc.",,,,SS,,God Tier,,,,,,,,,,,,,,,,,
"This Tierlist isnt fact and just a little help, every feedback welcome",,,,S,,Top Tier,,,,,,,,,,,,,,,,,
,,,,A,,Exeptional,,,,,,,,,,,,,,,,,
Meaning of +Ch(1-12)= Chapter where the Champ is farmable,,,,B,,Good,,,,,,,,,,,,,,,,,
Champs with * are material for fusion,,,,C,,Viable,,,,,,,,,,,,,,,,,
CB (+T6) means Giantslayer or Warmaster,,,,D,,actually not usable,,,,,,,,,,,,,,,,,
,,,,,,,,,Clanboss,,,,,,,,,,,,,,
Factions,Champion,Rarity,Element,Typ,Overall,Campaign,Arena-Off,Arena-Deff,CB (-T6),CB (+T6),IceG,Dragon,Spider,FK,Mino,Force,Magic,Spirit,Void,Faction Wars,Official updates have stopped. Community updates in progress.,,
Banner-Lords,Lord Champfort,Legendary,Magic,HP,A,A,SS,S,B,B,A,A,A,B,S,B,B,B,A,N,,,
,Sethallia,Legendary,Magic,Support,A,B,B,A,S,A,A,A,B,B,A,A,A,B,A,N,Last Updated:,9/30/2019,Partial Update
,Black Knight,Legendary,Force,HP,A,B,A,S,B,B,B,A,B,C,A,B,B,C,A,N,,,
,Lugan the Steadfast,Legendary,Spirit,HP,S,B,SS,SS,B,S,A,S,B,B,S,B,B,B,A,N,,,
,Septimus,Legendary,Spirit,Attack,A,A,A,A,B,S,B,A,B,C,A,B,S,C,A,N,,,
,Richtoff the Bold,Legendary,Spirit,Attack,S,A,S,B,B,B,,A,A,A,A,B,B,A,A,N,,,
,Raglin,Legendary,Void,Support,B,C,B,A,B,C,B,B,C,C,A,B,B,C,A,N,,,
,Baron,Legendary,Void,Attack,A,A,B,B,B,B,A,A,B,B,A,S,A,B,A,N,,,
,Hordin,Epic,Magic,Attack,A,A,B,C,B,A,B,A,C,C,A,B,B,B,A,Y,,,
,Oathbound,Epic,Force,Def,A,C,B,B,B,A,B,A,B,S,A,B,B,S,A,Y,,,
,Seneschal,Epic,Force,Def,,,B,,,A,,,,,,,,,,,,,
,Knight Errant,Epic,Spirit,Attack,B,A,B,C,B,,B,A,B,C,A,A,B,C,A,,,,
,Rowan,Epic,Void,Attack,S,C,A,C,S,B,B,A,B,SS,A,B,B,SS,A,,,,
,Azure,Epic,Void,HP,A,C,B,A,B,B,B,A,C,B,A,B,B,B,B,,,,
,Warcaster,Epic,Void,Support,B,B,B,S,B,C,B,B,C,C,A,B,S,C,B,,,,
,Crossbowman,Rare,Magic,Attack,B,C,B,C,D,D,C,C,D,C,C,C,C,C,C,,,,
,Valerie (+Ch. 1),Rare,Magic,Support,B,B,B,B,C,C,B,B,C,D,B,B,B,B,B,,,,
,Grandmaster,Rare,Magic,HP,B,B,B,B,C,S,B,B,D,B,B,B,B,B,B,sentinel,,,
,Preserver,Rare,Force,Def,B,B,B,B,D,C,B,B,D,C,B,B,B,B,B,,,,
,Courtier,Rare,Force,Attack,B,B,A,A,D,C,B,B,C,B,B,B,B,B,B,,,,
,Cataphract,Rare,Spirit,HP,B,B,B,B,D,D,B,B,B,B,B,A,B,C,B,,,,
,Conquerer (+Ch. 1),Rare,Spirit,Attack,B,B,A,B,C,C,B,A,D,B,B,B,A,B,B,,,,
,Halberdier,Rare,Spirit,Attack,B,B,A,B,C,C,B,A,C,C,A,B,A,C,A,,,,
,Chevalier,Rare,Void,Def,B,B,A,A,C,C,B,B,C,B,B,B,A,B,B,,,,
,Vanguard,Rare,Void,Def,C,C,B,C,C,D,C,B,D,D,C,C,C,C,B,,,,
,Steadfast Marshal,Rare,Void,HP,,,,,,,,,,,,,,,,,,,
Factions,Champion,Rarity,Element,Typ,Overall,Campaign,Arena-Off,Arena-Deff,CB (- GS),CB (+GS),IceG,Dragon,Spider,FK,Mino,Force,Magic,Spirit,Void,Faction Wars,,,
High Elves,Elenaril,Legendary,Magic,Attack,A,B,A,C,SS,SS,A,A,A,C,A,B,B,C,B,,,,
,Shirimani,Legendary,Force,Support,A,B,S,A,B,A,A,A,C,A,A,B,B,A,A,,,,
,Lyssandra,Legendary,Spirit,Support,A,C,S,S,B,B,B,A,S,A,A,B,B,A,A,,,,
,Royal Huntsman,Legendary,Spirit,Attack,S,A,SS,C,B,B,S,S,A,B,A,SS,A,B,A,,,,
,Yannica,Legendary,Spirit,Attack,B,B,A,B,B,C,B,B,C,C,B,B,B,B,A,,,,
,Ithos,Legendary,Void,Attack,S,S,SS,B,B,B,S,S,S,A,A,B,B,A,A,,,,
,Belanor,Legendary,Void,Attack,S,B,S,B,S,SS,A,S,B,B,S,S,B,B,A,,,,
,Arbiter,Legendary,Void,Support,S,C,SS,SS,A,S,B,A,C,B,A,A,A,B,A,,,,
,Royal Guard,Epic,Magic,Attack,S,A,B,B,S,A,B,S,S,A,A,S,B,A,A,,X,,
,Tayrel,Epic,Magic,Def,S,A,S,S,S,SS,A,S,S,B,S,A,B,A,A,,,,
,Thenasil,Epic,Force,Support,A,C,B,A,B,B,A,A,B,A,A,B,B,B,A,,,,
,Luthiea,Epic,Force,Attack,A,B,A,C,A,B,B,A,B,B,A,B,B,B,A,,,,
,Vergis,Epic,Spirit,Def,C,C,B,B,D,D,B,B,D,C,B,C,C,C,B,,,,
,Marksman,Epic,Spirit,Attack,A,C,A,C,S,A,B,A,C,A,A,S,B,B,A,,,,
,Jinglehunter,Epic,Spirit,Attack,A,B,S,B,C,C,B,B,B,B,B,C,C,B,B,,,,
,Battlesage,Epic,Void,Support,A,A,A,B,C,C,B,A,A,C,A,C,C,C,B,,,,
,Exemplar,Epic,Void,Attack,A,B,A,C,A,S,B,A,C,A,A,B,B,A,B,,,,
,Apothecary,Rare,Magic,Support,A,C,S,S,A ,SS,B,A,C,A,A,B,B,A,B,,,,
,Avenger,Rare,Magic,Attack,B,B,B,C,C,C,C,B,C,C,B,B,B,C,B,,,,
,Elhain,Rare,Magic,Attack,B,A,A,B,C,D,A,A,A,C,A,C,C,C,B,,,,
,Adjudicator,Rare,Magic,Attack,C,C,C,C,D,D,C,B,D,C,B,C,C,B,B,,,,
,Heiress* (+Ch. 6),Rare,Force,Attack,B,B,A,B,C,C,A,A,C,C,A,B,B,A,B,,,,
,Magister,Rare,Force,Support,B,B,B,B,C,C,B,B,C,C,B,B,B,A,B,,,,
,Hyria,Rare,Spirit,Attack,B,B,B,B,S,B,B,A,C,A,A,B,B,A,B,,,,
,Interceptor,Rare,Void,Def,C,C,B,C,D,D,C,C,C,C,C,C,C,C,C,,,,
Factions,Champion,Rarity,Element,Typ,Overall,Campaign,Arena-Off,Arena-Deff,CB (- GS),CB (+GS),IceG,Dragon,Spider,FK,Mino,Force,Magic,Spirit,Void,Faction Wars,,,
Sacred Order,Roshcard the Tower,Legendary,Magic,HP,A,B,S,SS,B,C,A,A,C,C,B,B,S,B,B,,,,
,Errol,Legendary,Force,Attack,A,B,S,B,B,B,A,S,B,A,A,S,A,A,A,,,,
,Abbess,Legendary,Force,Attack,S,B,S,B,C,C,S,A,S,B,A,S,A,B,A,,,,
,Martyr,Legendary,Spirit,Def,S,B,S,S,A,SS,A,S,B,A,A,S,B,A,A,,,,
,Cupidus,Legendary,Spirit,Attack,S,S,SS,A,A,B,A,A,S,B,S,B,B,B,A,,,,
,Sir Nicholas,Legendary,Void,HP,S,S,S,SS,A,S,S,S,A,B,A,B,B,B,A,,,,
,Venus,Legendary,Void,Support,S,A,S,A,SS,SS,A,S,B,B,A,S,B,B,A,,,,
,Canoness,Epic,Magic,Def,B,C,B,B,C,C,B,B,C,C,B,B,C,C,B,,,,
,Adriel,Epic,Magic,Support,A,B,B,A,A,B,B,A,B,B,A,B,B,B,B,,,,
,Hope,Epic,Magic,HP,A,C,A,A,C,C,B,A,B,C,A,C,A,C,A,,,,
,Frostbringer,Epic,Magic,Support,S,B,A,B,A,S,A,A,B,SS,A,S,B,SS,A,,,,
,Tallia,Epic,Magic,Attack,A,B,S,B,B,A,A,A,B,A,A,B,B,A,A,,,,
,Juliana,Epic,Magic,Attack,S,B,B,B,SS,SS,B,A,B,A,A,B,B,A,A,,,,
,Aothar,Epic,Force,Attack,S,B,A,B,S,S,A,A,C,A,A,B,A,A,A,,,,
,Relickeeper,Epic,Force,Attack,A,SS,A,B,C,C,B,A,C,C,A,B,C,C,B,,,,
,Missionary*,Epic,Force,HP,B,B,B,B,D,C,C,B,D,B,B,C,C,B,B,,,,
,Romero,Epic,Force,Def,B,C,B,A,C,C,B,A,A,C,B,C,C,C,B,,,,
,Sanctioned Purifier,Epic,Force,Attack,A,C,B,C,0,C,C,B,C,C,B,C,B,C,B,,,,
,Bushi,Epic,Spirit,Attack,,C,A,C,C,B,C,B,D,C,B,B,C,C,B,,,,
,Fenax,Epic,Spirit,Attack,A,B,S,B,C,C,S,A,C,B,,A,A,B,B,,,,
,Mistress of Hymns,Epic,Spirit,Support,B,C,B,B,B,C,B,B,C,C,B,C,C,C,B,F,,,
,Cardinal,Epic,Void,Support,B,C,B,A,A,B,B,B,C,C,B,B,B,C,B,,,,
,Lightsworn,Epic,Void,Def,A,B,A,A,A,SS,A,A,C,S,A,B,B,A,B,,,,
,Athel,Rare,Magic,Attack,A,A,A,B,A,S,B,A,C,A,A,C,B,A,A,,,,
,Witness*,Rare,Magic,Support,C,C,C,B,D,D,C,B,D,C,B,C,C,C,B,,,,
,Hospitaller,Rare,Magic,Support,B,B,A,B,C,C,B,B,B,C,B,C,B,C,B,,,,
,Chaplain,Rare,Force,Support,B,A,B,A,C,C,B,B,C,C,B,C,C,C,B,,,,
,Lamellar,Rare,Force,HP,B,B,C,C,C,C,B,B,B,C,B,B,C,C,B,,,,
,Templar* (+Ch. 8),Rare,Spirit,Def,B,B,B,A,C,A,B,B,C,A,B,B,B,A,B,,,,
,Penitent,Rare,Spirit,Def,B,B,C,C,C,B,B,B,D,B,B,C,C,B,B,,,,
,Warpriest,Rare,Spirit,Support,B,B,B,B,C,C,B,B,C,C,B,C,C,C,B,,,,
,Judicator,Rare,Spirit,Attack,B,B,B,C,C,D,B,B,D,B,B,B,C,B,B,,,,
,Maiden,Rare,Spirit,Attack,B,,A,B,C,C,B,B,D,B,B,A,C,C,B,,,,
,Mother Superior,Rare,Spirit,Support,B,C,C,B,B,C,C,B,C,C,B,B,B,C,B,,,,
,Confessor,Rare,Void,Attack,B,B,A,B,C,C,B,B,B,B,B,C,C,C,B,,,,
,Justiciar*,Rare,Void,Def,B,B,B,C,D,D,C,B,D,D,B,C,C,C,B,,,,
,Harrier,Rare,Void,Attack,B,B,A,C,B,B,B,B,C,B,B,A,C,B,B,,,,
Factions,Champion,Rarity,Element,Typ,Overall,Campaign,Arena-Off,Arena-Deff,CB (- GS),CB (+GS),IceG,Dragon,Spider,FK,Mino,Force,Magic,Spirit,Void,Faction Wars,,,
Barbarians,Altan,Legendary,Magic,Def,B,S,B,B,B,B,B,B,B,C,B,C,C,C,B,,,,
,Valkyrie,Legendary,Spirit,Def,A,A,S,S,A,S,A,A,C,S,A,A,A,A,B,,,,
,Turvold,Legendary,Void,Attack,A,A,S,A,B,A,A,A,B,B,A,B,B,B,B,,,,
,Aina,Epic,Magic,Attack,A,C,B,C,B,A,A,A,C,A,A,A,A,B,A,,,,
,Jotun,Epic,Magic,HP,A,C,B,B,S,A,B,A,C,A,A,A,B,A,B,,,,
,Sikara,Epic,Magic,Support,A,A,S,B,B,C,A,A,A,C,B,B,B,B,A,Ap,,,
,Atur,Epic,Magic,HP,C,B,B,C,D,D,B,B,D,C,B,C,C,C,B,,,,
,Alika,Epic,Force,Attack,B,B,S,A,C,C,B,A,C,C,B,S,B,B,A,,,,
,Teshada,Epic,Force,Def,B,B,B,B,C,A,B,A,A,B,B,B,B,B,A,,,,
,Kallia,Epic,Force,Attack,S,A,A,B,S,A,A,A,D,SS,A,B,B,SS,B,,,,
,Woad-Painted,Epic,Spirit,HP,B,C,A,A,C,C,C,B,C,C,B,B,B,C,B,,,,
,High Khatun,Epic,Spirit,Support,B,B,A,A,C,C,B,B,C,B,B,B,B,B,A,,,,
,Marked,Rare,Magic,Support,B,B,B,B,B,C,B,A,D,C,A,A,B,C,B,,,,
,Elder,Rare,Magic,Def,C,C,B,C,D,D,C,C,D,D,C,C,C,C,C,,,,
,Hill Nomad,Rare,Magic,Support,C,C,C,C,B,C,C,B,B,C,C,C,C,C,B,N,,,
,Sentinel,Rare,Force,HP,Bulwark,B,B,B,C,C,B,B,B,A,B,C,C,A,B,,,,
,Warmaiden* (+Ch. 9),Rare,Force,Attack,,B,A,B,B,C,B,A,B,C,B,A,C,C,B,,,,
,Slayer,Rare,Force,Attack,B,B,B,B,A,B,B,A,C,C,B,C,C,C,B,,,,
,Anointed,Rare,Force,Support,B,B,A,A,C,C,B,A,A,A,B,B,B,A,B,,,,
,Berserker (+Ch. 9),Rare,Spirit,Attack,B,B,C,C,C,C,B,B,A,C,B,B,C,C,B,,,,
,Bloodbraid,Rare,Spirit,HP,B,C,B,C,C,C,B,B,D,S,B,C,C,S,B,,,,
,Skirmisher,Rare,Void,Attack,B,B,A,B,C,C,B,A,B,B,A,C,B,B,B,,,,
,Ox,Rare,Void,Attack,B,B,B,C,C,D,B,B,D,C,B,B,C,C,B,,,,
Factions,Champion,Rarity,Element,Typ,Overall,Campaign,Arena-Off,Arena-Deff,CB (- GS),CB (+GS),IceG,Dragon,Spider,FK,Mino,Force,Magic,Spirit,Void,Faction Wars,,,
Ogryn-Tribes,Big´Un,Legendary,Magic,Attack,S,SS,SS,S,C,D,S,A,S,A,S,B,B,A,B,,,,
,War Mother,Legendary,Magic,Attack,A,B,A,B,A,A,A,A,B,C,B,B,C,C,B,,,,
,Ignatius,Legendary,Magic,Def,A,A,S,S,B,C,B,B,S,C,A,B,B,C,B,,,,
,Shamrock,Legendary,Spirit,Support,.A,C,S,S,B,B,A,A,C,C,A,B,A,C,B,,,,
,Gurgoh the Augur,Legendary,Void,Attack,B,C,S,SS,D,C,C,B,C,B,C,C,B,B,C,,,,
,Grimskin,Epic,Magic,Def,B,B,A,A,D,D,C,B,B,C,B,C,B,C,B,,,,
,Skullcrusher,Epic,Force,Def,A,C,S,S,A,SS,A,A,C,A,B,B,B,A,B,,,,
,Shatterbones,Epic,Force,Attack,A,B,S,S,B,A,A,A,A,B,B,C,C,B,B,,,,
,Galkut,Epic,Spirit,Attack,B,B,A,C,C,C,A,B,A,C,A,A,B,C,B,,,,
,Cagebreaker,Epic,Spirit,Attack,A,B,A,B,C,B,B,A,C,A,A,S,B,A,A,,,,
,Occult Brawler,Epic,Spirit,HP,A,C,C,C,S,SS,A,A,D,B,B,A,B,B,A,,,,
,Maneater,Epic,Void,Attack,A,C,A,S,B,B,B,B,C,C,B,C,B,C,A,,,,
,Towering Titan,Epic,Void,HP,A,B,A,S,A,A,B,A,C,A,A,S,A,A,A,,,,
,Rocktooth (+Ch. 5),Rare,Magic,Attack,A,B,B,C,D,D,B,B,C,S,B,C,C,S,B,,,,
,Pounder,Rare,Magic,Def,C,C,C,B,C,C,C,C,D,D,C,C,C,C,C,,,,
,Fortress Goon,Rare,Magic,Def,B,B,B,B,B,B,B,B,B,C,B,C,C,B,B,,,,
,Magmablood,Rare,Force,Attack,B,B,B,B,C,C,B,C,B,D,B,B,C,C,B,,,,
,Furystoker,Rare,Spirit,Support,B,C,C,B,C,D,B,B,D,D,B,C,C,C,B,,,,
,Siegebreaker,Rare,Spirit,Attack,B,B,A,A,D,C,B,B,B,B,B,C,C,B,B,,,,
,Flesheater,Rare,Spirit,Support,B,B,B,C,C,C,B,B,C,C,B,C,C,C,B,,,,
,Stoneskin,Rare,Void,HP,C,B,B,B,D,D,B,C,C,D,C,C,C,C,C,,,,
,Bellower,Rare,Void,Support,A,SS,A,A,C,C,A,A,S,C,A,B,B,C,B,,,,
Factions,Champion,Rarity,Element,Typ,Overall,Campaign,Arena-Off,Arena-Deff,CB (- GS),CB (+GS),IceG,Dragon,Spider,FK,Mino,Force,Magic,Spirit,Void,Faction Wars,,,
Lizardmen,Dracomorph,Legendary,Magic,Attack,A,B,B,C,SS,SS,B,A,A,A,A,B,C,B,A,,,,
,Fu-Shan,Legendary,Force,Attack,S,B,S,S,B,S,A,,A,S,A,S,B,A,B,,,,
,Rhazin Scarhide,Legendary,Force,Def,S,B,S,S,S,S,S,S,B,S,S,A,A,S,A,,,,
,Jarang,Epic,Magic,Attack,A,B,A,B,B,A,A,A,C,A,A,A,A,A,B,,,,
,Jareg,Epic,Magic,HP,A,C,B,A,A,S,B,A,C,B,A,B,B,B,A,,,,
,Basilisk,Epic,Force,Attack,B,A,B,B,C,D,B,B,B,C,B,B,C,C,A,,,,
,Drake,Epic,Spirit,Attack,B,B,A,C,D,D,B,B,D,C,B,C,C,C,B,,,,
,Jizoh,Epic,Spirit,Def,B,B,B,B,D,C,B,B,C,C,B,C,C,C,B,,,,
,Broadmaw,Epic,Void,Support,B,C,B,,C,C,B,B,D,C,B,C,C,C,B,,,,
,Muckstalker (+Ch. 10),Rare,Magic,HP,C,B,B,C,D,D,C,C,D,D,C,C,B,C,C,,,,
,Skink,Rare,Magic,Attack,A,B,B,C,D,D,B,B,C,A,B,A,S,A,B,,,,
,Gator,Rare,Magic,Support,B,B,B,C,C,D,B,B,C,A,B,C,C,A,B,,,,
,Slitherbrute,Rare,Magic,Attack,B,B,A,C,C,D,B,B,D,C,B,C,C,C,B,,,,
,Bogwalker,Rare,Force,Def,B,B,C,B,C,C,B,B,B,C,B,C,C,C,B,,,,
,Skullsworn (+Ch. 2),Rare,Force,Attack,B,B,B,C,D,B,B,B,D,B,B,C,C,B,B,,,,
,Hurler,Rare,Force,Attack,B,C,B,C,D,C,B,B,D,D,B,A,C,C,B,,,,
,Flinger* (+Ch. 10),Rare,Spirit,Attack,B,B,B,C,D,D,B,B,B,C,B,A,C,C,B,,,,
,Slasher,Rare,Spirit,Attack,B,C,B,C,C,C,B,B,D,C,B,A,C,C,B,,,,
,Metalshaper,Rare,Spirit,Support,B,B,B,A,C,C,B,B,D,C,B,C,B,C,B,,,,
Factions,Champion,Rarity,Element,Typ,Overall,Campaign,Arena-Off,Arena-Deff,CB (- GS),CB (+GS),IceG,Dragon,Spider,FK,Mino,Force,Magic,Spirit,Void,Faction Wars,,,
Skinwalker,Norog,Legendary,Magic,Def,A,A,S,SS,D,D,B,B,B,C,B,C,S,C,B,,,,
,Longbeard,Legendary,Magic,Attack,S,B,A,B,S,SS,A,S,B,S,A,A,S,S,A,,,,
,Hakkorhn Smashlord,Legendary,Magic,HP,,,,,,,,,B,,,,,,,,,,
,Warchief,Legendary,Force,Def,A,B,A,A,B,A,A,D,,B,C,C,S,S,B,,,,
,Taurus,Epic,Magic,Attack,C,B,C,C,B,D,B,B,C,C,B,B,B,C,B,,,,
,Flesh-Tearer,Epic,Magic,Support,B,C,B,A,B,C,B,B,B,C,B,C,C,C,B,,,,
,Ripper,Epic,Force,Attack,B,C,B,C,C,D,B,B,B,A,B,A,B,A,B,,,,
,Reinbeast,Epic,Force,Def,A,A,S,SS,B,C,B,B,B,C,B,C,C,C,B,A,,,
,Yaga the Insatiable,Epic,Force,Attack,B,A,C,C,S,A,B,B,C,C,B,B,B,B,A,,,,
,Steelskull,Epic,Spirit,Support,A,C,B,S,S,SS,s,B,B,C,B,C,C,C,B,,,,
,Basher,Epic,Void,Attack,A,B,A,A,B,A,B,B,B,A,B,C,C,A,B,,,,
,Graybeard (+Ch. 4),Rare,Magic,Def,B,B,B,B,D,D,B,B,B,D,B,C,C,C,B,,,,
,Bloodpainter,Rare,Force,Attack,B,C,B,B,A,A,B,B,B,C,B,B,B,C,B,,,,
,Gnarlhorn,Rare,Spirit,HP,C,C,B,A,D,D,C,C,D,D,C,B,C,C,B,,,,
,Channeler,Rare,Spirit,Support,B,C,B,B,C,C,C,C,D,A,C,C,C,A,C,,,,
,Grappler,Rare,Spirit,Def,B,C,C,B,A,A,B,B,C,B,B,C,C,B,B,,,,
,Bloodhorn,Rare,Void,HP,C,C,C,B,D,D,C,C,D,D,C,C,C,C,C,,,,
Factions,Champion,Rarity,Element,Typ,Overall,Campaign,Arena-Off,Arena-Deff,CB (- GS),CB (+GS),IceG,Dragon,Spider,FK,Mino,Force,Magic,Spirit,Void,Faction Wars,,,
Orcs,Robar,Legendary,Force,Attack,A,A,S,A,B,C,S,A,S,C,A,S,B,C,B,,,,
,Warlord,Legendary,Void,Support,S,B,SS,SS,S,S,S,S,A,A,S,A,A,A,S,,,,
,Angar,Legendary,Void,HP,S,,,,C,C,,,,,,,,,,,,,
,Torturehelm,Epic,Force,HP,B,B,A,C,D,D,B,B,D,C,B,C,C,C,B,,,,
,Zargala,Epic,Force,Attack,A,B,A,B,B,B,B,B,A,C,B,A,B,C,B,,,,
,Bloodfeather,Epic,Force,Attack,B,C,B,C,C,D,B,A,C,B,B,A,C,C,B,,,,
,Bonekepper,Epic,Force,Attack,B,C,A,C,C,B,B,A,D,C,A,S,B,B,B,,,,
,Shaman,Epic,Force,Support,B,C,A,A,C,C,B,A,D,C,B,B,A,C,B,,,,
,Terrorbeast,Epic,Spirit,HP,B,B,A,C,D,C,B,B,D,B,B,C,C,B,B,,,,
,Vrask,Epic,Spirit,HP,A,A,A,A,A,B,A,S,B,B,A,B,B,B,A,,,,
,Seer,Epic,Void,Support,A,C,S,B,A,B,A,A,A,B,B,B,S,B,A,,,,
,Deathchanter,Rare,Magic,HP,C,C,B,B,D,D,B,B,D,B,B,C,C,B,B,,,,
,Chopper,Rare,Magic,Attack,C,C,B,C,C,C,B,B,D,C,B,A,B,C,B,,,,
,Galek,Rare,Magic,Attack,A,A,A,A,C,C,A,A,A,B,A,A,C,B,A,,,,
,Spikehead,Rare,Magic,Attack,B,C,A,C,D,B,B,B,D,A,B,C,C,A,B,,,,
,Ironclad,Rare,Force,HP,B,C,B,A,C,C,B,B,C,A,B,C,C,B,B,,,,
,Goremask (+Ch. 7),Rare,Force,Attack,B,C,A,C,D,C,B,B,D,C,B,C,A,C,B,,,,
,Treefeller,Rare,Force,Attack,C,C,C,C,B,C,B,B,D,C,B,B,B,C,B,,,,
,Raider,Rare,Spirit,Attack,C,C,B,C,C,C,B,B,D,C,B,C,C,B,B,,,,
,Totem,Rare,Spirit,Support,B,C,B,B,A,C,B,B,C,D,B,B,C,C,B,,,,
,Veteran,Rare,Void,Def,B,C,,A,B,B,B,B,C,C,B,C,C,C,B,,,,
,Huntress,Rare,Void,Attack,C,C,B,C,C,B,B,B,D,C,B,C,C,C,B,,,,
Factions,Champion,Rarity,Element,Typ,Overall,Campaign,Arena-Off,Arena-Deff,CB (- GS),CB (+GS),IceG,Dragon,Spider,FK,Mino,Force,Magic,Spirit,Void,Faction Wars,,,
Demonspawn,Prince Kymar,Legendary,Magic,Support,S,SS,SS,SS,A,B,S,A,S,B,S,B,S,B,A,,,,
,Drexthar Bloodtwin,Legendary,Force,Def,S,A,S,A,S,S,A,S,B,A,S,B,B,A,A,,,,
,Candraphon,Legendary,Force,Attack,"
",,SS,,C,C,,S,S,B,S,,,,,,,,
,Mortu-Macaab,Legendary,Spirit,Attack,S,A,S,A,C,C,S,A,A,SS,A,B,S,SS,A,,,,
,Lord Shazar,Legendary,Spirit,HP,A,A,S,A,B,A,B,A,B,A,A,B,B,A,A,,,,
,Cruetraxa,Legendary,Void,Attack,A,A,A,A,A,S,A,A,B,S,A,A,A,A,A,,,,
,Inithwe Bloodtwin,Legendary,Void,Attack,,,,,,,,,,,,,,,,,,,
,Alure,Epic,Magic,Attack,S,A,S,A,B,A,S,S,S,SS,S,A,B,SS,B,,,,
,Excruciator,Epic,Magic,Attack,,,S,,,,,,,,,,,,,,,,
,Erinyes,Epic,Force,Attack,A,B,A,B,S,A,A,A,B,C,A,B,S,C,B,,,,
,Souldrinker,Epic,Force,Attack,A,B,A,C,A,B,A,A,A,B,A,A,B,B,A,,ber,,
,Nazana,Epic,Force,HP,S,B,S,S,B,B,S,"S
",SS,C,S,B,B,B,B,,,,
,Infernal Baroness,Epic,Force,Def,A,A,A,A,C,C,,,S,,,,,,,,,,
,Hellgazer,Epic,Spirit,Attack,A,B,S,B,A,B,A,A,B,C,A,S,C,C,A,,,,
,Peydma,Epic,Void,Def,A,A,S,B,B,B,B,B,B,B,B,C,SS,B,A,,,,
,Diabolist* (+Ch. 12),Rare,Magic,Support,B,B,A,B,C,C,B,B,C,C,B,C,C,C,B,,,,
,Tormentor,Rare,Magic,Attack,C,B,B,C,D,D,C,B,D,C,B,C,B,C,B,,,,
,Hound Spawn (+Ch. 12),Rare,Force,Attack,B,B,B,C,C,C,B,B,C,C,B,A,C,C,B,,,,
,Hellfang,Rare,Spirit,Attack,B,B,A,B,C,C,B,B,C,C,B,C,C,C,B,,,,
,Marquess,Rare,Spirit,Def,B,B,B,B,C,C,B,B,B,C,B,C,C,C,B,,,,
,Ifrit,Rare,Void,HP,C,C,C,C,B,B,C,C,D,D,C,C,C,D,C,,,,
,Marquis,Rare,Void,Def,B,B,A,A,D,D,B,B,B,C,B,C,C,C,B,,,,
,Fellhound,Rare,Void,Def,B,B,C,B,C,C,B,B,C,A,B,C,C,C,B,,1,,
,Malbranche,Rare,Void,Attack,B,C,C,D,C,D,C,C,C,D,C,C,D,D,B,,,,
Factions,Champion,Rarity,Element,Typ,Overall,Campaign,Arena-Off,Arena-Deff,CB (- GS),CB (+GS),IceG,Dragon,Spider,FK,Mino,Force,Magic,Spirit,Void,Faction Wars,,,
Undead Hordes,Crypt-King Graal,Legendary,Magic,Support,A,B,A,B,SS,S,A,A,A,B,A,B,B,B,A,,,,
,Skartosis,Legendary,Force,Support,A,A,S,A,B,C,A,A,A,C,A,C,A,C,A,,,,
,Bad-el-Kazar,Legendary,Force,Support,S,S,SS,S,SS,S,S,S,S,A,S,A,A,A,S,,,,
,Bloodgorged,Legendary,Force,Attack,A,A,S,A,A,A,SS,S,B,A,A,S,B,A,A,,,,
,Ma´Shalled,Legendary,Spirit,Attack,B,B,B,,C,C,C,B,C,A,B,C,C,A,B,,,,
,Nethril,Legendary,Spirit,Attack,A,S,SS,A,S,SS,S,A,S,A,A,B,B,A,A,,,,
,Gorgorab,Epic,Magic,Support,S,C,S,SS,B,C,A,A,B,B,A,B,A,B,A,,,,
,Seeker,Epic,Magic,Def,A,C,S,SS,B,C,A,A,A,A,A,A,A,A,A,,,,
,Dark Athel,Epic,Magic,Attack,B,,A,B,B,B,,,S,,,,,,,,,,
,Husk*,Epic,Force,HP,A,B,A,A,A,B,B,B,A,C,A,C,C,C,A,,,,
,Karam,Epic,Force,Attack,B,C,A,C,A,C,B,A,C,C,B,B,B,B,B,,,,
,Lich,Epic,Force,Def,,C,A,B,C,C,A,A,S,S,A,A,A,S,A,,,,
,Hexia,Epic,Force,Attack,B,A,A,C,C,C,B,B,C,C,B,A,C,C,B,,,,
,Corpse Collector,Epic,Force,Support,B,B,B,C,A,A,C,C,C,C,C,C,C,C,C,,,,
,Zelotah,Epic,Spirit,Support,A,A,A,S,B,B,A,A,A,A,A,A,A,A,elh,,,,
,Banshee,Rare,Magic,Support,B,A,A,A,C,C,B,B,A,C,A,B,A,C,A,,,,
,Temptress,Rare,Magic,Attack,B,C,A,C,B,A,B,B,C,B,B,C,A,B,B,,,,
,Sorceress* (+Ch. 3),Rare,Force,Attack,B,C,B,B,B,C,B,B,C,B,B,B,B,B,B,,,,
,Grinner,Rare,Force,Support,B,B,A,B,C,C,B,B,C,C,B,C,C,C,B,,,,
,Wretch,Rare,Force,Attack,B,B,C,C,A,B,B,B,C,A,B,C,C,A,B,,,,
,Bone Knight,Rare,Spirit,Attack,B,C,C,C,D,C,B,B,B,A,B,C,C,A,B,,,,
,Rotting Mage,Rare,Spirit,Support,,,,,,,,,,,,,,,,,,,
,Arbalester,Rare,Void,Attack,C,C,B,C,D,D,C,C,D,D,C,C,C,C,C,,,,
,Doomscreech,Rare,Void,HP,B,C,A,A,B,B,B,B,C,C,B,C,C,C,B,,,,
,Hollow,Rare,Void,Attack,B,C,C,D,B,B,B,B,D,A,B,B,C,C,B,,,,
,Seducer,Rare,Void,Def,B,C,A,S,C,C,B,B,C,C,B,C,C,C,B,,,,
,Stitched Beast,Rare,Void,Attack,,,,,,,,,,,,,,,,,,,
,Armantine Skeleton,Rare,Void,Def,,,,,,,,,,,,,,,,,,,
Factions,Champion,Rarity,Element,Typ,Overall,Campaign,Arena-Off,Arena-Deff,CB (- GS),CB (+GS),IceG,Dragon,Spider,FK,Mino,Force,Magic,Spirit,Void,Faction Wars,,,
Dark Elves,Rae,Legendary,Magic,Attack,S,S,SS,A,B,C,S,S,S,C,S,B,B,C,A,,,,
,Foli,Legendary,Magic,Attack,S,A,A,B,A,A,S,S,B,S,S,S,A,S,A,,,,
,Zavia,Legendary,Force,Attack,S,SS,SS,A,S,SS,SS,A,SS,SS,S,B,B,SS,A,,,,
,Vizier Ovelis,Legendary,Force,Attack,,B,,,S,SS,,,,,,,,,,,,,
,Astralith,Legendary,Spirit,Attack,C,B,B,C,C,C,C,B,D,C,B,B,C,C,B,,,,
,Queen Eva,Legendary,Spirit,Attack,S,A,fli,A,C,C,SS,A,S,SS,A,B,B,SS,B,,,,
,Ghostborn,Legendary,Spirit,Support,S,A,SS,A,B,B,S,A,SS,A,A,SS,B,S,B,,,,
,Blind Seer,Legendary,Void,Support,A,C,A,S,C,A,B,A,A,A,S,C,B,A,S,,,,
,Spider,Epic,Force,Support,,B,S,A,A,B,A,A,B,B,A,B,S,B,B,,,,
,Luria,Epic,Spirit,Attack,S,B,S,B,B,C,S,A,A,S,A,S,SS,S,A,,,,
,Crimson Helm,Epic,Spirit,Def,A,B,S,S,A,A,A,A,C,A,A,C,C,A,B,,,,
,Warden,Epic,Spirit,Def,A,B,A,S,A,B,A,A,B,C,A,B,B,B,B,,,,
,Delver,Epic,Spirit,Attack,A,C,A,A,B,A,A,A,B,S,A,A,A,S,A,,,,
,Lua,Epic,Void,Attack,S,SS,S,S,C,C,S,S,S,A,S,A,S,A,A,,,,
,Psylar,Epic,Void,Support,S,SS,S,S,D,D,S,A,S,C,A,C,C,C,B,,,,
,Judge*,Rare,Magic,Attack,B,C,B,B,D,D,B,B,B,C,B,B,C,B,B,D,,,
,Kael,Rare,Magic,Attack,A,A,A,B,S,A,A,B,A,A,A,A,A,A,A,,,,
,Mystic Hand,Rare,Force,Support,B,C,A,B,C,C,B,B,C,C,B,C,S,C,B,,,,
,Steel Bowyer,Rare,Force,Attack,C,C,,,,,,,,,,,,,,,,,
,Spirithost (+Ch. 4),Rare,Spirit,Support,A,A,A,A,C,C,B,B,B,C,B,B,B,B,S,,,,
,Hexweaver,Rare,Spirit,Support,B,C,B,C,B,C,B,B,B,C,B,C,C,C,B,,,,
,Wanderer,Rare,Spirit,Attack,B,C,B,C,C,C,B,B,C,B,B,B,C,B,B,,,,
,Coldheart,Rare,Void,Attack,S,B,A,C,S,SS,B,B,SS,SS,A,B,A,SS,B,,,,
,Paragon,Rare,Void,Def,A,C,A,A,B,C6,B,B,C,S,B,C,C,S,B,,,,
,Retainer,Rare,Void,Def,B,C,A,A,C,C,B,B,B,C,B,A,C,C,B,,,,
,Eviscerator,Rare,Void,Attack,B,B,B,C,A,B,B,B,B,C,B,B,C,C,C,,,,
,Pain Keeper,Rare,Void,HP,B,B,B,C,C,C,B,B,B,C,B,C,C,C,B,,,,
,Harvester,Rare,Void,Attack,,,,,,,,,,,,,,,,,,,
Factions,Champion,Rarity,Element,Typ,Overall,Campaign,Arena-Off,Arena-Deff,CB (- GS),CB (+GS), IceG,Dragon,Spider,FK,Mino,Force,Magic,Spirit,Void,Faction Wars,,,
Knight Revenant,Bystophus,Legendary,Force,Attack,A,A,S,A,C,C,B,A,B,A,A,B,B,A,A,,,,
,Tomb Lord,Legendary,Spirit,Support,,,,,,,,,,,,,,,,,,,
,Soulless,Legendary,Void,Def,A,A,A,A,C,C,B,A,C,B,A,B,A,B,A,,,,
,Hegemon,Legendary,Void,Attack,A,A,SS,S,C,B,B,A,C,B,A,B,B,B,A,,,,
,Crypt Witch,Epic,Magic,Attack,B,C,B,C,C,B,A,A,C,C,A,,S,A,B,,,,
,Pitiless One,Epic,Magic,Attack,B,S,S,,B,C,B,A,S,B,A,C,C,B,A,,,,
,Necrohunter,Epic,Magic,Attack,C,,B,B,C,C,,,,,,,,,,,,,
,Sinesha,Epic,Force,Support,,A,S,S,B,C,A,A,S,B,A,B,B,B,A,,,,
,Doompriest,Epic,Force,Support,S,C,A,B,A,C,A,S,A,C,S,A,A,C,S,,,,
,Deathless,Epic,Spirit,Def,A,B,S,S,C,B,B,A,B,C,A,A,C,B,B,,,,
,Kytis,Epic,Spirit,Attack,B,C,A,C,C,B,B,B,B,A,B,C,C,A,B,,,,
,Faceless,Epic,Void,Attack,B,C,B,C,C,D,B,A,D,C,B,B,A,C,B,,,,
,Skullcrown,Epic,Void,Attack,S,S,S,S,C,C,S,A,S,B,A,B,B,B,A,,,,
,Golden Reaper,Epic,Void,Support,S,B,S,S,S,S,A,S,A,B,A,B,B,B,A,,,,
,Executioner* (+Ch. 11),Rare,Magic,Def,B,A,B,A,C,D,B,B,B,D,B,C,C,B,B,,,,
,Theurgist,Rare,Magic,Support,B,C,B,B,C,C,B,B,C,C,B,C,C,C,B,,,,
,Magus,Rare,Magic,Attack,B,B,A,C,B,C,B,B,C,C,B,C,C,C,B,,,,
,Arcanist,Rare,Force,Support,A,C,A,B,B,C,B,A,C,C,A,C,C,C,A,,,,
,Gladiator,Rare,Force,Attack,B,B,B,C,C,A,B,B,B,B,B,C,C,B,A,,,,
,Acolyte,Rare,Force,Support,B,C,A,B,D,D,B,B,C,B,B,C,C,B,B,,,,
,Guardian,Rare,Spirit,HP,B,C,B,B,D,C,B,B,C,B,B,C,A,B,B,,,,
,Crimson Slayer,Rare,Spirit,Attack,B,B,B,C,D,C,C,B,B,B,C,C,C,B,B,,,,
,Renegade,Rare,Void,Support,B,C,B,B,B,C,B,B,C,A,B,C,C,A,B,,,,
,Daywalker,Rare,Void,HP,C,C,B,B,C,D,B,B,C,C,B,C,C,C,B,,,,
,Centurion,Rare,Void,Def,C,B,C,B,C,D,C,B,D,C,B,C,C,C,B,,,,
Factions,Champion,Rarity,Element,Typ,Overall,Campaign,Arena-Off,Arena-Deff,CB (- GS),CB (+GS),IceG,Dragon,Spider,FK,Mino,Force,Magic,Spirit,Void,Faction Wars,,,
Dwarves,Trunda Giltmallet,Legendary,Magic,Attack,,,,,,,,,,,,,,,,,,,
,Maulie Tankard,Legendary,Spirit,Support,?,F,F,F,F,F,F,F,F,F,F,F,F,F,F,F,,,
,Mountain King,Legendary,Force,Attack,,,A,,C,C,,,,,,,,,,,,,
,Grizzled Jarl,Epic,Magic,Def,,B,B,A,C,C,,,,,,,,,,,,,
,Rearguard Seargeant,Epic,Force,Def,,C,,B,A,B,,,,,,,,,,,,,
,Rock Breaker,Epic,Spirit,Def,B,B,A,A,D,D,B,C,D,C,B,B,C,C,C,,,,
,Baerdal Fellhammer,Epic,Void,Attack,,,,,A,S,,,,S,,,,,,,,,
,Grumbler,Rare,Magic,Def,,,,,,,,,,,,,,,,,,,
,Runic Warder,Rare,Magic,HP,,,,,,,,,,,,,,,,,,,
,Stout Axeman,Rare,Magic,HP,,,,,,,,,,,,,,,,,,,
,Beast Wrestler,Rare,Force,Attack,,,,,,,,,,,,,,,,,,,
,Honor Guard,Rare,Force,Def,,,,,,,,,,,,,,,,,,,
,Madman,Rare,Spirit,Attack,,,,,,,,,,,,,,,,,,,
,Master Butcher,Rare..,Spirit,Support,A,A,B,SS,B,B,C,C,C,C,C,A,B,B,C,A,,,
,Bulwark,Rare,Void,Def,B,,,,S,A,,,,,,,,,,,,,
,Painsmith,Rare,Void,Attack,C,,,,,,,,,,,,,,,,,,